,word
0,ສັ່ງ
1,ເຂົ້າຜັດ
2,ໝູ
3,ເຂົ້າປຽກ
4,ຄື
5,ຊີ້ນໝູມີ
6,ກີ່ນ
7,ເດີ້
8,ແຊບ
9,ຫຼາຍ 
10,ຍ
11,ບໍ່
12,ຕົງ
13,ປົກ
14,ຢ່າງ
15,ແຮງ
16,ຕຳ
17,ໄວ
18,ເລີຍ
19,ແກງ
20,ກະ
21,ມີ
22,ກິ່ນ
23,ຕອນ
24,ລູກຊີ້ນ
25,ນະ
26,ສົມ
27,ລາຄາ
28,ຜິດຫວັງ
29,ງງງງງງງ
30,ເພັດ
31,ລະ
32,ນົວ
33,ນິດ
34,ໜື່ງ
35,ບໍ
36,ຮູ້ວ່າ
37,ຄົນອື່ນ
38,ເປັນແນວໃດ
39,ແຕ່
40,ສຳຫຼັບ
41,ເຮົາ
42,ຄ່ອຍ
43,ມັກ
44,ອາຫານ
45,ກັບ
46,ແລະ
47,ຮູບ
48,ທີ່
49,ລົງ
50,ເອົາ
51,ເກົ່າ
52,ມາໃຫ້
53,ຮ້ອນ
54,ອຸ່ນ
55,ກອບ
56,ໄດ້
57,ຕົ້ມ
58,ເຂົ້າ
59,ກິນ
60,ລວກ
61,ພະນັກງານ
62,ລິ
63,ການ
64,ບໍ່ສຸພາບ
65,ບໍ່ໄດ້
66,ໝາກເຜັດ
67,ເຄື່ອງປຸງ
68,ນຳ້
69,ກະຈາງ
70,ປານ
71,ລ້າ
72,ໜ້ອຍ
73,ບໍ່ພໍ
74,ແຊບອີກ
75,ໃຫ້
76,ລູກຄ້າ
77,ແດ່
78,ເທື່ອ
79,ດຽວ
80,ສຸດທ້າຍ
81,ຈະ
82,ສັງຂາຍ
83,ຂາຍ
84,ມັນ
85,ແມ່ນ
86,ຍາກ
87,ເງິນ
88,ຈ
89,ຮາ
90,ລືມ
91,ໄຂ່
92,ດາວ
93,ເສຍ
94,ຄວາມຮູ້ສຶກ
95,ມື້ນີ້
96,ລົດຊາດ
97,ເສັ້ນ
98,ເຝີ
99,ແຂງ
100,ຕິດກັນນ້ຳ
101,ຊຸບ
102,ນົ່ວ
103,ຂໍ
104,ຄອມ
105,ເພນ
106,ທາງ
107,ຮ້ານ
108,ຕັ້ງ
109,ເຮັດ
110,ຕາມ
111,ທີ່ເຄີຍ
112,ອື່ນ
113,ເຂົາ
114,ປຸງ
115,ລຸກ
116,ຄ້າ
117,ຂ້ອຍ
118,ປັບປຸງ
119,ແນ່
120,ກ້ອຍ
121,ປາກະ
122,ປາດຸກ
123,ມາກ້ອຍ
124,ຄົນ
125,ຕາບອດ
126,ກາ
127,ຄືດົນ
128,ແທ້
129,ນໍ
130,ຫິວ
131,ວວວວ
132,ນີ້
133,ແຊບອາຫານ
134,ຈັດ
135,ໃສ່
136,ເປັນ
137,ລະບຽບ
138,ພໍ
139,ນິ
140,ໜໍ່
141,ປານໃດ
142,ຢາກວ່າ
143,ເຄັມ
144,ເຮັດໃຫ້
145,ເຂັ້ມ
146,ຂົ້ນ
147,ກ່ອນ
148,ຈະດີເລີດ
149,ເຂົ້າໜຽວ
150,ນຳ
151,ບໍ່ໄດ້ດີ
152,ໂອ
153,ເຄ
154,ຄັ້ງ
155,ດີ
156,ສະຫຼັດ
157,ຜັດ
158,ໄທ
159,ພໍດີ
160,ເລະ
161,ຮັກສາ
162,ຄວາມສົດ
163,ໃໝ່
164,ສະອາດ
165,ມາດຕະຖານ
166,ຕະຫຼອດ
167,ໄປ
168,ເດີ
169,ເຜັດ
170,ແຊ
171,ັ
172,ບ
173,ບໍ່ມີ
174,ກຸ້ງ
175,ແກ້ວ
176,ກາບໍ່
177,ທຸກ
178,ເມ່ນ
179,ູ
180,ຕຳເຂົ້າປຽກປາແດກ
181,ປຸກ
182,ກະປິ
183,ໂພດ
184,ຮູ້ສຶກ
185,ໜັກ
186,ປາແດກ
187,ເກີນໄປ
188,ໝາກ
189,ຮຸ່ງ
190,ເດັດ
191,ຄັກ
192,ຊົມເຊີຍ
193,​
194,ຂະໜາດ
195,ອີກ
196,ຢາກ
197,ໃຫ້ມີ
198,ບ່ອນ
199,ເລືອກ
200,ຫຼື
201,ສົ່ງ
202,ຊ້າ
203,ໝີ່
204,ລົດ
205,ຄວາມ
206,ກັບເຂົ້າຜັດ
207,ຖືວ່າ
208,ເສຍດາຍ
209,ບໍ່ໃຫ້
210,ບ່ວງ
211,ມານຳ
212,ຢູ່
213,ເດີມັກ
214,ໍາດ
215,ຮັກສາມ
216,ມູນເຊື້ອ
217,ໄວ້
218,ຕື່ມ
219,ໜ້ອຍໜຶ່ງ
220,ຂາ
221,ປະຈຳ
222,ຜ່ານ
223,ແຊ່
224,ນໍ້າປາ
225,ຕໍ
226,າ
227,ສໍ
228,ລັບ
229,ວ່າມັນ
230,ມາກ
231,ຕຳເຂົ້າປຽກ
232,ຍຳ
233,ສົດ
234,ຂ
235,ອ
236,່ນ
237,ຂ້າງ
238,ຄາວ
239,ລວມ
240,ໆ
241,ຄົບ
242,ເຄື່ອງ
243,ແກງໜໍ່ໄມ້
244,ຈືດ
245,ໃສ່ໃຈ
246,ແນວ
247,ກະບໍ່
248,ໃຊ້
249,ເວົ້າ
250,ໃນນາມ
251,ໝູ່
252,ບໍ່ເປັນ
253,ຈັກ
254,ຕາຍ
255,ຍຍຍ
256,ນັ້ນ
257,ຮ
258,້ນ
259,ໃຫຍ່
260,ຊື
261,ດ
262,ເດ
263,ະ
264,ປີ້ງ
265,ເປັດ
266,ດຳ
267,ແຫ້ງ
268,ເອັນ
269,ໄກ່
270,ກະຊຸບ
271,ແປ້ງ
272,ທອດ
273,ດູກ
274,ເໝັນ
275,ຈາງ
276,ຈົນໄດ້
277,ແຕ່ງກິນ
278,ໂຄ້ດ
279,ຄັນ
280,ໜີ
281,່
282,ຄືບໍ່
283,ໃສ
284,ອາຫານທີ່
285,ເຂົ້າຈ້າວ
286,ຟູ
287,ແພນດ້າ
288,ມ່ວນ
289,ທີ່ມາ
290,ນິໄສ
291,ແຢ
292,ປະຈຳເລີຍ
293,ລາດ
294,ໜ້າ
295,ງົວ
296,ມາລາຄາກາ
297,ຈ່າຍ
298,ເຕັມ
299,ແຍ່
300,ແມ່
301,ເນາະ
302,ນ້ອຍ
303,ກະເພົາ
304,ປະລິດ
305,ມານ
306,ໜ່ອຍ
307,ເກີນ
308,ທະເລ
309,ປູມ້າ
310,ກຸງ
311,ກັບເຂົ້າ
312,ແດງ
313,ຊ
314,ສ
315,ຖ້າ
316,ດົນ
317,ສຸກກີ້
318,ແຈ່ວ
319,ນໍ້າ
320,ສຸດ
321,ສຸກີ້
322,ຈ່າຍເງິນ
323,ບອກ
324,ຜັກ
325,ເຮັດຕາມ
326,ອໍເດີ
327,ກ້ຽວ
328,ເຈາະຈົງ
329,ແຕ່ວ່າມີ
330,ມີ່
331,ຖົງ
332,ຫໍ່
333,ນ້ຳ
334,ພັດ
335,ສົງໃສ
336,ຈັບ
337,ໝົດ
338,ຊື້
339,ນາທີ່ແລ້ວ
340,ມາບາດ
341,ເຫຼືອ
342,ປ່ຽນ
343,ນາທີ
344,ເບີດ
345,ເຄສັ່ງ
346,ຍາບ
347,ແລ້ວ
348,ກໍ່
349,ໃນ
350,ຍາມ
351,ນອນ
352,ໂຕ
353,ຫວາ
354,ແຄ່
355,ລ
356,ອັດ
357,ກາຍັງ
358,ມາ
359,ອ່ານ
360,ຄຳ
361,ແນະນຳ
362,ຫວານ
363,ກວ່າ
364,ສາຂາ
365,ເຂົ້າຂາ
366,ຕີ
367,ຍຍ
368,ອະ
369,ແຕ່ເປັນ
370,ເປ
371,ັງ
372,ໄລ
373,ວ່າ
374,ເຫຼືອງ
375,ເຈົ້າ
376,ຊອຍ
377,ແຖມ
378,ຍັງ
379,ພ້ອມ
380,ທຸກມື້
381,ອໍເດີ້
382,ຊ້ອນ
383,ໂອ້ຍ
384,ຫຍັງ
385,ຊຳ
386,ອັນ
387,ງງ
388,ຫາກະ
389,ຫັດ
390,ເຈັບ
391,ເມນູ
392,ປະຈໍາ
393,ແພ້
394,ນດ້າ
395,ໂກງ
396,ຕິ
397,ກ໊ຽວ
398,ແຍກ
399,ຊຸດ
400,ລວມກັນ
401,ສົ້ມ
402,ອາ
403,ຮານ
404,ສຸກ
405,ຕ້ອງ
406,ເພາະ
407,ເດິກ
408,ເປື່ອຍ
409,ດອງ
410,ກາດ
411,ນາ
412,ເຂົ້າມາໃຫ້
413,ຟ້າວ
414,ປິດ
415,ຢ່າ
416,ຊື່
417,ເງີນ
418,ຕໍ່
419,ຊິ້ນ
420,ຕ່ອນ
421,ຕັ່ງ
422,ນຳກັນ
423,ຊົ່ວ
424,ຊິມາຮອດ
425,ກິນແລ້ວ
426,ຢາກໄດ້
427,ຊິ
428,ຫາໄດ້
429,ສຳ
430,ບໍ່ຄ່ອຍ
431,ຂໍ້ດີ
432,ກອນ
433,ຫາ
434,ານ
435,ແຊດ
436,ບາງ
437,ຮ້ານພະນະ
438,ງານ
439,ອານ
440,ຂໍ້ເສຍ
441,ແພງ
442,ໃຈ
443,ບໍລິມາດ
444,ເກືອ
445,ນ
446,ສັມ
447,ມາດ
448,ໜາ
449,ແອດ
450,ນີ
451,ຫາວາ
452,ຕວ
453,ແມ່ຄ້າ
454,ການຫຸ້ມຫໍ່
455,ເຄບໍ່
456,ຊີ້ນ
457,ກຸຍ
458,ຂາດ
459,ນ້ຳປາ
460,ເຢັນຕາໂຟມູນຄ່າ
461,ເທື່ອໜຶ່ງ
462,ປ່າໃສ່
463,ວັດຖຸດິບ
464,ໝາກມ່ວງ
465,ທີ່ສຸດ
466,ຫອມ
467,ສັງ
468,ເ
469,ຫຼ້າ
470,ເຂົ້າປຸ້ນ
471,ພວກ
472,ໝາກໄມ້
473,ເຄີຍ
474,ປັນຫາ
475,ສົ່ງໃຫ້
476,ລື
477,ແອບ
478,ຂຽບໝູບໍ່
479,ໜຶ່ງ
480,ແຫ່ວ
481,ເກືອບ
482,ວ່າມາໃຫ້
483,ໄມ້ສຽບ
484,ໂຄດ
485,ຂ້າວ
486,ປຸ້ນ
487,ສ້ມ
488,ຕິກ
489,ຄ
490,ບິກ
491,ນາວ
492,ມື້ວານນີ້
493,ກ້ວຍ
494,ພໍໄດ້
495,ໝາກກ້ວຍ
496,ຂອງ
497,ໝາກນາວ
498,ສັງວ່າ
499,ຈົນ
500,ກະປູ
501,ຫອຍ
502,ແທນ
503,ສອງມື້
504,ໝາກຍົມ
505,ຍຍຍຍຍຍ​
506,ກກກກ
507,ບອກວ່າ
508,ບ່ອນໃດ
509,ຈຶ່ງ
510,ກ້າ
511,ຄໍ
512,ເນົ່າ
513,ຖີ້ມ
514,ເຄິ່ງ
515,ເຂົ້າໃຈ
516,ລະດູມັນ
517,ປັບ
518,ຮອບ
519,ຂ້ອນຂ້າງ
520,ຂົມ
521,ຕ້ຳກວ້ຍ
522,ເມັດ
523,ວ່ະ
524,ໃຈຮ້າຍ
525,ສອງ
526,ໜ່ວຍ
527,ເຖິງ
528,ໝາກສົ້ມ
529,ໄສ່
530,ດິບ
531,ອັນໜຶ່ງ
532,ຫັກ
533,ເລືອດ
534,ຂໍ່
535,ກ໋ອບ
536,ເປັນແບບ
537,ສີນ
538,ຜິດ
539,ໃກ້ຈະ
540,ໄຮ
541,ກະແຊບ
542,ໝາກໂມກັບ
543,ລາຄາມັນ
544,ສຳພັນ
545,ກັນ
546,ເບົາ
547,ສະຫຼຸບ
548,ບໍ່ມີແຈ່ວ
549,ຕິດ
550,ມື້
551,ຫັ້ນ
552,ໄດ້ໃຈ
553,ບໍ່ເຫັນ
554,ຟິງ
555,ເກີ້
556,ທໍ່
557,ນິ້ວກ້ອຍ
558,ເດັກນ້ອຍ
559,ຟ້າ
560,ຄຸມ
561,ເສີຍ
562,ດາຍ
563,ປີງ
564,ຫາຍ
565,ປານກາງ
566,ໄມ້ທູ່
567,ຮູບພາບ
568,ກັບຂອງ
569,ບໍ້
570,ຄືກັນກັບຂອງ
571,ດາ
572,ເດີນຳມາ
573,ສົງ
574,ກ່ອງ
575,ລາຄາກໍ
576,ຖືກ
577,ຢູ
578,ໃຫ້ເຮັດ
579,ໄໝ້
580,ໜ້າຕາບໍ່
581,ຊ່ວຍ
582,ເດີ້ມື້ນີ້
583,ບູດ
584,ໂດຍ
585,ລາຄາບໍ່
586,ໜູ
587,ທີ
588,ສຳລັບ
589,ເລີດ
590,ກະບໍ່ໃຫ້
591,ກະບໍ່ມີ
592,ຂຽນ
593,ເສຍໃຈ
594,ຈໍ້
595,ຄຸ້ມຄ່າ
596,ພັນ
597,ສາບ
598,ຯ
599,ອົບ
600,ປີກໄກ່
601,ຕົ້ມຍຳ
602,ໂຕນ້ອຍ
603,ອັບ
604,ຂຶ້ນ
605,ເພີ່ມ
606,ຈຳນວນ
607,ແນມີ
608,ໝາກເລັ່ນ
609,ຄິດ
610,ລີວິວ
611,ໝູມາ
612,ກີນ
613,ຊີ້ນງົວ
614,ຊີນ
615,ສຸກກີ່
616,ສວ່ນ
617,ສະລັດໄດ້
618,ໃບ
619,ໂຫຼ
620,ພາຍອດ
621,ປະ
622,ເດັ່ນ
623,ຜົມ
624,ສະບາຍດີ
625,ຂອ້ຍ
626,ໃດ
627,້
628,ນີ້ວ
629,ື່ງ
630,ແບບ
631,ລາຄາບ
632,໋
633,ເມື່ອ
634,ເປິດ
635,ອອກມາ
636,ຕົກໃຈ
637,ໜົດ
638,ຕັດສີນໃຈ
639,ແລ້ວແຕ່
640,ດີກວ່າ
641,ຄວນ
642,ພັດທະນາ
643,ຝີມື
644,ວິທີການເຮັດ
645,ເພີ່ມເຕີມ
646,ທັນໃຈ
647,່ໍ
648,ໂຫດ
649,ຍູ່
650,ນ້ຳມັນ
651,ເຕີບ
652,ກີບ
653,ຈື່
654,ໄດ້ມາ
655,ແກງຈືດ
656,ຈຽວ
657,ກຸ່
658,ງ
659,ສັບ
660,ຊ້ຳ
661,ກຳລັງ
662,ສິ
663,ໄຂ
664,ແມງວັນ
665,ຢູ່ໃນ
666,ບໍ່ກ້າກິນ
667,ຖືກປາກ
668,ປູ
669,ເທົ່າ
670,ຊໍ້າ
671,ສະອາດີ
672,ແມ່ຄົວ
673,ຍ່າງ
674,ທຳມະດາ
675,ທຸກອຍ່າງ
676,ທຸກຢ່າງ
677,ສະເພາະ
678,ຕອນແລງ
679,ແຊບລາຄາກະບໍ່
680,ໜ້າຕາ
681,ງງງ
682,ດຽວນີ້
683,ຮັກສາມາດຕະຖານ
684,ວານນີ້
685,ແລ້ວນານ
686,ຮູ້ວ່າເປັນນຳ
687,ຄືມັນ
688,ຊິມ
689,ເບິ່ງ
690,ຫາກໍ່
691,ທຳອິດ
692,ໄຄ
693,ຈ່ຽວ
694,ເຂ້
695,ຈ້າວ
696,ສ່ວນປະກອບ
697,ກໍດີ
698,ທົ່ວໄປ
699,ຊີ
700,ອິ້ວ
701,ເອິກ
702,ທີ່ມີ
703,ເສືອກ
704,ຂານ
705,້ຍ
706,ມັນຝະລັ່ງ
707,ກະເລະ
708,ປຽກ
709,ຍັດ
710,ກ
711,່ງ
712,ມື
713,ຕີນ
714,ແກງເຜັດ
715,ຝາກ
716,ສົ່ງຂ່າວ
717,ຊິເປັນ
718,ລົບກວນ
719,ກວດ
720,ຈັ່ງ
721,ອອກ
722,ຈືນ
723,ນ່າ
724,ຖ້າມີ
725,ຫັຍງ
726,ດອກ
727,ຊ້າຍັງ
728,ນ້ຳກ້ອນ
729,ກະເປື່ອຍ
730,ເຕົາຮູ້
731,ໜໍ
732,ກາບໍ່ມີນ້ຳຕານ
733,ໃ
734,ໜ
735,ເສຍເວລາຍັງ
736,ດີບອກ
737,…
738,ທຸກເທື່ອ
739,ເຂົ້າມັນໄກ່
740,ພໍດີນ້ຳ
741,ເຂົ້າກັນ
742,ໂຈ
743,໊ກ
744,ເປົ່າ
745,ບໍ່ເປັນຕາກິນ
746,ຮອດ
747,ບ້ານ
748,ຈັງ
749,ແນວນິ
750,ເຊົາ
751,ບໍ່ອີ່ມ
752,ຫູ
753,ເດັ້ງ
754,ເທື່ອໜ້າ
755,ກກກ
756,ບໍລິການ
757,ອິດ
758,_
759,x
760,000
761,D
762,"
"
763,ໝູມາໃຫ້
764,ເຂົ້າຕົ້ມ
765,ນຶກ
766,ລາຄານີ້
767,ວີ
768,ຍານ
769,ນໍ້າມັນ
770,ລາຄາມັກ
771,ໝູນຸ້ມ
772,ພິເສດ
773,ເຫັດ
774,ຊອກ
775,ຢູ່ໃສ
776,ໄມ້ຖູ່
777,ຊ່
778,ຖ້ວຍ
779,ພາ
780,ເຮືອນ
781,ພິຈາລະນາຄຳ
782,ເຕືອນ
783,ໄມ້
784,ຖູ
785,ຂິວ
786,ຄືນ້ຳ
787,ປະປາ
788,ກົບ
789,ສົ່ງມາທາງ
790,ກະລຸນາ
791,ວ
792,ພວດ
793,ສກ
794,ທຳ
795,ຳ
796,ສວດ
797,ຍອບ
798,ເສ
799,ັ່ງ
800,ຫຸງ
801,ລ່າ
802,ຫອຍນາງລົມ
803,ຂົ້ວ
804,ໝອຍ
805,ຈັ່ງແມ່ນ
806,ໂພ້
807,ດດດ
808,ຖອກ
809,ຖິ້ມ
810,ແຊບນົວ
811,ຄືເກົ່າ
812,ໄດ
813,ຊາດ
814,ຖືກໃຈ
815,ທະເລກະ
816,ເອງ
817,ແຈ້ງ
818,າາາາ
819,ໂມງ
820,ງງງງ
821,ແນວໃດ
822,ຖາດ
823,ຈັດຈ້ານ
824,ປະລິມານ
825,ໝ້
826,ເມັ້ນ
827,ນນົ່ວ
828,ເຮັດສົ້ມ
829,ແ
830,ດດດດດດ
831,ກະລຳ
832,ເທ
833,ປາມື
834,ສາມ
835,ມາຮອດ
836,ແນ່ໃຈ
837,ຄືກັນ
838,ລ່ວງໜ້າ
839,ຊັ່ວ
840,ອິ່ມ
841,ຊັກຊ້າ
842,ໄຣ
843,ຫອຍແຄງ
844,ຄາງ
845,ຟີວ
846,ຍຸບ
847,ພໍໃຊ້
848,ບົວ
849,ືຍ
850,ແຕ່ວ່າ
851,ໃຫ້ລ້າງ
852,ເຫັນໃຈ
853,ເກັ່ງ
854,ເຊ
855,ຟ
856,ດງວ
857,ໄມ
858,ຖູ່
859,ສະດວກ
860,ແກ່
861,ເວລາມາ
862,ພັກ
863,ໂຮງແຮມ
864,ໂຄກ
865,ດອກແດງ
866,ງົງ
867,ເດິ
868,ດຸກ
869,ຄ່າ
870,ຫ
871,ຮາຍ
872,ໝີ
873,ຂາວ
874,ຕຳເຂົ້າປຸ້ນ
875,ເບີ່ງ
876,ຕັ້ງໃຈ
877,ຍົກເລີກ
878,ເສຍເວລາ
879,ບໍ່ແລ້ວ
880,ປາ
881,ແຊວ
882,ມອນ
883,ເວ
884,ີ
885,ແກະ
886,ສິບໍ່ໄດ້
887,ຂີ້ຖີ່
888,ຄົກ
889,ຈານ
890,ເງິນທີ
891,ພີ
892,ລຶກ
893,ທູ
894,ຊິກິນ
895,ຈັ່ງໃດ
896,ມາກະດີ
897,ຫ່
898,ວຍ
899,ແຕກ
900,ຂອງກິນ
901,ຄົນລະ
902,ເລື່ອງ
903,ເອົາມາ
904,ອາຍ
905,ເຈັບທ້ອງ
906,ສະບາຍ
907,ຂື້ນ
908,ໃຜ
909,ຮັບຜິດຊອບ
910,ເຫັນ
911,ກາກະ
912,ໂຕ່ງ
913,ງຶດ
914,ຄືຊິ
915,ທັງ
916,ລາຍ
917,ຄຸ້ມ
918,ດ໊
919,ຢໍ່
920,ເກີ
921,່ມ
922,ຮົດ
923,ຖື
924,່ກ
925,ປາກ
926,ແດກ
927,ລາວ
928,ຊ້າດົນ
929,ມົ້ວ
930,ປະກອບ
931,ສ່ວນ
932,ບໍ່ມີເລີຍ
933,ຍອມຮັບ
934,ແຕ່ລະ
935,ເທຶ່ອ
936,ກໍ
937,ບວກ
938,ຫຼາບ
939,ກຳ
940,ໄວມື້ນີ້
941,ຕຳໝາກຫຸ່ງ
942,ຈີງ
943,ປ
944,ລູກ
945,ຊີ້
946,ກຽວ
947,ວິ
948,ຢ້ານ
949,ວັງ
950,ຄັງ
951,ແລກ
952,ທາຍ
953,ວາ
954,ຊັ້ນ
955,ບໍ່ຮູ້ສຶກ
956,ຄວາມຈາງ
957,ຈີນ
958,ແຊບອັນ
959,ທີ່ເຮົາ
960,ກົດ
961,ສິ່ງ
962,ຄິດວ່າ
963,ຊິບອກ
964,ສົນໃຈຄວາມຮູ້ສຶກ
965,ຍາວ
966,ຕິດຕໍ່
967,ສົ່ງມາ
968,ຈິນ
969,ກາງ
970,ເພີ້ມ
971,ຕ່າງຫາກ
972,ປະກົດ
973,ນົມ
974,ຮູບແບບ
975,ສົາງ
976,ໄສ້ກອກ
977,ຮັ້ນ
978,ກຽມ
979,ລີວີ
980,ດ່ວນ
981,ປາຍ
982,ອ້າຍ
983,ໂດ່
984,ເອີຍ
985,ດີນິ
986,ເບາະ
987,ປິ້ງ
988,ນໍ່
989,ເຂັມ
990,ມົດ
991,ໝູມີ
992,ປົ
993,ຫລາ
994,ຄາດີ
995,ດດດດ
996,ລະມີ
997,ລາຄາກ່ອງ
998,ເນັ້ນ
999,ໝາກແຕງ
1000,ຮອງ
1001,ເລິ
1002,ນົ້ມ
1003,ຜົງ
1004,ກະລີ່
1005,ຂີ້ໝິ້ນ
1006,ມ
1007,ຢ່
1008,ຊາ
1009,ຊາບະ
1010,ຄືບໍ່ມີແຈ່ວ
1011,ແຕ
1012,ເຜົາ
1013,ເພ້ຍ
1014,ມມມມມມມມມມມມມມມມມມມມມມມ
1015,ມາກິນ
1016,ເປັນຕານາຍ
1017,ຄາມ
1018,ໂຊ
1019,ຈິ
1020,້ມ
1021,ບໍ່ເຮັດ
1022,ເພາະວ່າ
1023,ຢາກກິນແຈ່ວ
1024,ສູດ
1025,ຕຳລັບ
1026,ຕຸກ
1027,ກວດສອບ
1028,ຫຍາບ
1029,ປາເຄັມ
1030,ຂີ້
1031,ດດ
1032,ວ່າຊັ້ນ
1033,ເອົາປຽບ
1034,ຜູ້ບໍລິໂພກ
1035,ເນີ
1036,ນ້ຳຈິ້ມ
1037,ເໜາະ
1038,ວິນ
1039,ລື່ມ
1040,ບໍ່ມີມາລະຍາດ
1041,ເຂົ້າຫໍ່
1042,ຊັ່ນ
1043,ຍົກເວັ້ນ
1044,ອົມ
1045,ໝາກຂາມ
1046,ລາຍການມີ
1047,ກັບໄປ
1048,ເຈິ
1049,ແລ້ວຈະ
1050,ຈັກເທື່ອ
1051,ເຄືອງ
1052,₭
1053,ຄືວ່າ
1054,ກ້ອນ
1055,ຕິດກັນ
1056,ສົມສ່ວນ
1057,ສາມຊັ້ນ
1058,ກະທຽມ
1059,ຂອບໃຈ
1060,ອໍ
1061,ວ່າໃຫ້
1062,ລຽງ
1063,ງາມ
1064,ຍິ່ງ
1065,ກະບາງ
1066,ໃຫ
1067,່ຍ
1068,ຫວານີ້
1069,ຊ໋
1070,ຄືດັ່ງ
1071,ຊອດ
1072,ປະທັບໃຈ
1073,ຈຶດ
1074,ລາຍການ
1075,ສິດີ
1076,ພິຊາ
1077,ແທບ
1078,ພິດ
1079,ທີ່ເຄັມ
1080,ຊ້າມີ
1081,ຄົງຈະດີ
1082,ເຢັນ
1083,ຍ້ອນ
1084,ຮັບ
1085,ອໍເດີ້ມາ
1086,ຄວາມເຫັນ
1087,ລະບົບ
1088,ບໍລິສັດ
1089,ແລ້ວຍັງ
1090,ແທ້ໆ
1091,ຈອກ
1092,ເຈ້ຍ
1093,ໂລ
1094,ແລ້ວຈັກ
1095,ຮູ້
1096,ງ່າຍ
1097,ເຄື່ອງເທດ
1098,ດີນ້ຳ
1099,ພະໂລ້
1100,ກະເພາະ
1101,ເກົາ
1102,ເຮືອ
1103,ແຫຼວ
1104,ຊ່ວງ
1105,ຫຼັງ
1106,ເອົາແຕ່
1107,ຄ່ອນຂ້າງ
1108,ບໍ່ດີ
1109,ລາຄາດີ
1110,ແປ້ງນົວ
1111,ລ່ອຍ
1112,ຍາງ
1113,ຊະນິດ
1114,ສະເຕັກ
1115,ເພີນ
1116,ເຕີມ
1117,ຊອນ
1118,ໃຫ້ແນ່
1119,ຄັ່ງ
1120,ດ້ວຍຕົນເອງ
1121,ຄຸນນະພາບ
1122,ຫວ
1123,່າ
1124,‍
1125,ໃວ
1126,ແຊບລາຄາ
1127,ເໝາະສົມ
1128,ຜັດສະ
1129,ອີ້ວ
1130,ອີ
1131,ບວງ
1132,ຖູກັບ
1133,ຂົນສົ່ງມາດົນ
1134,ນັດ
1135,ວ່ານາທີ່
1136,ກາຍເປັນ
1137,ພຸ້ນ
1138,ແຈດ
1139,ມາບໍ່ມີ
1140,ວິນຍານ
1141,ເຂົ້າມາ
1142,ຢາງ
1143,ບໍ່ເປັນຕາ
1144,ບໍ່ພໍໃຈ
1145,ຝືດ
1146,ຝັດ
1147,ແນ່ນ້ອຍ
1148,ໄຫ້
1149,ຄິດເຖິງ
1150,ຊິໃຊ້
1151,ຫຼຸດ
1152,ແຮ
1153,ປີ້
1154,ຢາກກິນ
1155,ຮ້ານຄ້າ
1156,ລະອຽດ
1157,ມຊ່ຳ
1158,ລາຍການນຳ
1159,ກະໄດ້
1160,ແມ້ງ
1161,ວັນ
1162,ແຕ່ລະຢ່າງ
1163,ນີ່
1164,ແຫຼະ
1165,ປົກກະຕິ
1166,ມານໍ
1167,ແຕ່ວ່າມື້ນີ້
1168,ເສີບ
1169,ພິກ
1170,ນ້ໍາ
1171,ໝາກນາວຈະດີ
1172,ຖືຕາມ
1173,ຫຼັກການ
1174,ເຫຼົາ
1175,ຕານ
1176,ຈະດີ
1177,ບາດ
1178,ເປັນຫຍັງ
1179,ຕໍ່ໄປ
1180,ອາດຈະ
1181,ລອບຄອບ
1182,ຕ
1183,ພາໂລ
1184,ຖືວ່າດີ
1185,ເໝາະ
1186,ເຂັ້ມຂຸ້ນ
1187,ທຽບ
1188,ມີນ້ຳມັນ
1189,ແຈວ
1190,ສຸກີ
1191,ຖາ
1192,ແນະ
1193,ຈື່ງ
1194,ຄາ
1195,ລາ
1196,ຂີ້ເມົາ
1197,ຕອນທ່ຽງ
1198,ຊິເປັນແຕ່
1199,ບົ່ງ
1200,ບອກວ່າເປັນ
1201,ສົງໄສ
1202,ຈັກລົດຊາດ
1203,ຊົວ
1204,ໂມ
1205,ເຄິງ
1206,ແໜ້ນ
1207,ໝູບໍ່
1208,ນີ້ມາ
1209,ຄວາມຮ້ອນ
1210,ດີໃຈ
1211,ຍ້ຳ
1212,ສວາຍ
1213,ກາງຄືນ
1214,ຕອບ
1215,ເວລາ
1216,ຊົ່ວໂມງເຄິ່ງ
1217,ຄົບຖ້ວນ
1218,ແສນ
1219,ນຳ້ທະເລ
1220,ກາວ
1221,ລາຄາກັບ
1222,ຄວາມຄາດໝາຍ
1223,ກັບມາ
1224,ຄວາມສົ້ມ
1225,ອາກາດ
1226,ປີ
1227,ຄວາມຊ່ວຍເຫຼືອ
1228,ປຕ່
1229,ຖົ່ວງອກ
1230,ຊູບ
1231,ຄະນາ
1232,ໝູບໍ່ໄດ້
1233,ອາຫານທະເລ
1234,ແຊ່ແຂງ
1235,ຟິດ
1236,ໝຶກ
1237,ຫານ
1238,ທົ່ວ
1239,ກະຊ້າ
1240,ເປັນແຕ່
1241,ເປີດ
1242,ຈິງ
1243,ຮ້າຍ
1244,ສັາງ
1245,ມີແຈ່ງ
1246,ກັບເຂົ້າປຽກ
1247,ເຫຼືອກົ້ນ
1248,ໝໍ້
1249,ໄປທາງ
1250,ຫຍໍ້
1251,ກະບໍ່ເຮັດຕາມ
1252,ເຄສົ່ງ
1253,ຊໍ
1254,ຂ້າ
1255,ພະ
1256,ດັ່ງ
1257,ກ່າວ
1258,ວິດ
1259,ສະ
1260,ພາບ
1261,ແຜ
1262,ັດ
1263,ກ້າມປູ
1264,ກິນເຂົ້າ
1265,ກິນແຊບ
1266,ຄືບໍ່ໄດ້
1267,ຊຶ້
1268,ເຂ
1269,ັ້ນ
1270,ຂຸ້ນ
1271,ກະບໍ່ມີນໍ້າ
1272,ລາຄານ້ຳ
1273,ກ່ຽວ
1274,ໝັ່ນ
1275,ຄຶ
1276,ໝູບູດ
1277,ທີ່ແລ້ວ
1278,ຢາກວ່າມີ
1279,ກະດູກ
1280,ຕຸ໋ນ
1281,ກະຈົນ
1282,ອິ
1283,໋ວ
1284,ໜຽວ
1285,ເດີ້ມາ
1286,ໃຄ່
1287,ຊານົມສົ້ມ
1288,ຍໍ່
1289,ໝາກຫຸ່ງ
1290,ກະດີ
1291,ລົດຊາດໝາກຫຸ່ງ
1292,ກັບເຂົ້າປຸ້ນ
1293,ເຂົ້າກັນກັບ
1294,ໄປໃສ
1295,ໂລນີ້ມາກະ
1296,ໂລນີ້
1297,ບັກ
1298,ຫຍໍ້າ
1299,ລາຄາກຸ້ງ
1300,ດີບ
1301,ເຄີ່ງ
1302,ປາມຶກ
1303,ເລັບມືນາງ
1304,ແຊບລູກຊີ້ນ
1305,ດັອກ
1306,ລະວັງ
1307,ຜົມຍາວ
1308,ສະລຸ
1309,ຕ້ອມ
1310,ຕ້ອນ
1311,ກາຍ
1312,ແຢ້
1313,ແຮ່ງ
1314,ປວດ
1315,ຮາກ
1316,ປະເພດ
1317,^^
1318,ເພ
1319,ົ່າ
1320,າວ
1321,‍‍‍
1322,ປຸນ
1323,ຖອນເງິນ
1324,ສະບາຍດີບໍ່ໄດ້
1325,ເຟ
1326,ຕັກກະ
1327,ລ້າຍ
1328,ຟອຍ
1329,ເຫຼັກ
1330,ົ້
1331,ເວລາກະຊ້າ
1332,ຂີ້ຕົວະ
1333,ອະທິບາຍ
1334,ສະໃຈ
1335,ໄລ້
1336,ຮ້ອຍ
1337,ຕີບໍ່
1338,ນອກຈາກ
1339,ເໜົ່າ
1340,ສ່ຳ
1341,ຕັ້ງແຕ່
1342,ມາກະ
1343,ຕ່ຳ
1344,ຫຼວງພະບາງ
1345,ອຸປະ
1346,ຍຍຍຍຍ
1347,ລາຍລະອຽດ
1348,ຂໍ້ຄວາມ
1349,ອັນໃດ
1350,ຊີດ
1351,ກະບໍ່ເຫັນ
1352,ແມ່ຄ້າງົງ
1353,ແຈ່ມ
1354,ເຍ
1355,ັນ
1356,ໝາກພິກ
1357,ເທົ່າໃດ
1358,ແປບ
1359,ເວນ
1360,ເຄື່ອງດື່ມ
1361,ກະປີ້ງ
1362,ດີໆ
1363,ຫາມາ
1364,ຢາ
1365,າງ
1366,ທັກ
1367,ຍົກ
1368,ບໍ່ເກືອ
1369,ກະທັງ
1370,ອານຸຍາດ
1371,ປັ່ນ
1372,ໂວ
1373,ໂດ
1374,ຂີວ
1375,ທີມງານ
1376,ຊີມ
1377,ເຊື່ອ
1378,ວິຈານ
1379,ຕົກ
1380,ມຸນ
1381,ເຮັດເອງ
1382,ຄົວ
1383,ມື້ແລ້ວ
1384,ຄືນ
1385,ອານທີ່
1386,ມາເລະ
1387,ຜັກບົ້ງ
1388,ໄຟ
1389,ກ້ານ
1390,ເຮັດແນວໃດ
1391,ແຄ
1392,ຣ໋
1393,ຫົວໃຫຍ່
1394,ຖົ່ວ
1395,ຈັນຍາບັນ
1396,ການຂາຍ
1397,ໄຜ
1398,ກິນໃນຕາມ
1399,ການເຮັດ
1400,ຫີ
1401,ມານຳເຂົ້າ
1402,່ະ
1403,ຮູບລາບ
1404,ຊຽນ
1405,ລາບ
1406,ອັນກັບ
1407,ກະດູກຂ້າງ
1408,ນານ
1409,ເລື້ອງ
1410,ຍໍ້າ
1411,ສຸກໃສ່
1412,ຄະນໍ
1413,ື
1414,ກາບ
1415,ໜາວ
1416,ພະຍາຍາມ
1417,ແຊວມ້ອນ
1418,ລອດ
1419,ັ່ນ
1420,ແຊບອ່າ
1421,ເຊວ
1422,ມ້ອນ
1423,ໂພ
1424,ີງ
1425,ປີກ
1426,ນ່
1427,ກວານີ
1428,ມື້ວານ
1429,ໄປຮັບ
1430,ຂີ່
1431,ຢຸດ
1432,ຮ່ອມ
1433,ໃກ້
1434,ສຖນລຟ
1435,ຊມ
1436,ຢາກຮ້າຍ
1437,ຫັນ
1438,ຫາວ່າ
1439,ເມ
1440,ີດ
1441,ຍອມ
1442,ຂໍ້ຄວາມແຈ້ງ
1443,ສູນ
1444,ປ່າ
1445,ນ້ຳປາກະ
1446,ຄືຊິດີ
1447,ຮ້ານທີ່
1448,ແຟນ
1449,ມື້ໃດ
1450,ແລ
1451,ັກ
1452,ໂຕບໍ່
1453,ວາວຸ້ນ
1454,ຊິກ້າກິນ
1455,ບໍ່ຕົກ
1456,ເຮັ່ງ
1457,ທັ້ງ
1458,ພາຊະນະ
1459,ປຸງແຕ່ງ
1460,ດ້າ
1461,ຮູ້ຢູ່
1462,ແອບອັນດັບ
1463,ຕົ້ນ
1464,ໂລກ
1465,ດັງ
1466,ສົມບູນ
1467,ເທົ່າທີ່ເຮັດໄດ້
1468,ຄືບູດ
1469,ຜັກທຽມ
1470,ຜຶດ
1471,ທະເລກັບເຂົ້າ
1472,ເທີ
1473,ລີ
1474,ຍາກິ
1475,ເສັ້ນລ້ອນ
1476,ດີດີກວ່າ
1477,ອື້ນທີ່ເຄີຍ
1478,ສັ້ງ
1479,ເດີ້ມີ
1480,ວຸ້ນເສັ້ນ
1481,ນັບ
1482,ທິ
1483,ໂປດ
1484,ຝອຍ
1485,ເລັກ
1486,ຈ່າງ
1487,ໂຟມ
1488,ເມິກ
1489,ຖ້າວ່າ
1490,ບໍ່ມີນ້ຳ
1491,ຕອນຮັບ
1492,ເດີກະບໍ່ໄດ້
1493,ສັງເກດ
1494,ປົກກະຕິກະ
1495,ຜັກກາດ
1496,ຊອມ
1497,ຄິດໄລ່
1498,ໄລ່
1499,ນີ້ມີ
1500,ຄວາມຫວານ
1501,ມາເປັນ
1502,ລາຄາກະດຽວ
1503,ຕ່າງກັນ
1504,ຮ້ານອາຫານ
1505,ຄົງຈະ
1506,ໝູມ
1507,ເມັມ
1508,ສົນໃຈ
1509,ເມັນ
1510,ຄ້
1511,ສົ່ງໄປໃຫ້
1512,ເພື່ອ
1513,ອີ່ມ
1514,ໝກ
1515,ລຸດ
1516,ຮຸ
1517,ຖົງຢາງ
1518,ໂລ່
1519,ເທ່
1520,ອອກມານອກ
1521,ໂຕບາດ
1522,ຊົມ
1523,ກິນໄກ່
1524,ກັບເຂົ້າຈ້າວນ້ຳ
1525,ອາທິດ
1526,ອຶ
1527,ເຊັກ
1528,ເດີກິນ
1529,ໄຕ
1530,ເຢັນຕາໂຟ
1531,ຄຸກ
1532,ທີ່ໃຊ້
1533,ຫຼີ່
1534,ຊ່າ
1535,ເຂົ້າຫອມ
1536,ອ່ອນ
1537,ນຸ່ມ
1538,ກະແຊ
1539,ເສຍທີນໍ້າ
1540,ໄຂ່ມຸກ
1541,ຢ່ກ
1542,ຫວັງ
1543,ຂີ່ຖີ່ນ້ຳ
1544,ກໍ່ໄດ້
1545,ອຸດໜູນ
1546,ກັນຍາວ
1547,ດີງາມ
1548,ປະລິ
1549,ເລ
1550,ີຟ
1551,ວິທີ
1552,ບັດ
1553,ລອງ
1554,ປລ
1555,ເຂົ້າຂາວ
1556,ຄືຈະ
1557,ແຕ່ວ່ານ້ຳ
1558,ແຕ່ໄກ່
1559,ຣົດ
1560,ເລຍ
1561,ແຊນວິດ
1562,າາາາາາາາາາ
1563,ໝາກເຂືອ
1564,ປ້ຽວຫວານ
1565,ກິ
1566,ເບ
1567,ຄ້ອນ
1568,ປະສົມ
1569,ຂ້າພະເຈົ້າ
1570,ປະໄວ້
1571,ບັນທຶກ
1572,ວ່ານີ້
1573,ບໍ່ສາມາດ
1574,ຈັດການກັບ
1575,ມີນ້ຳ
1576,ຄືຊິບໍ່
1577,ກິນຢູ່
1578,ຕິດໃຈ
1579,ຊະຊາຍ
1580,ກ້ອງ
1581,ດຽວກັນ
1582,ື່
1583,ຮື
1584,ມາລະ
1585,ສີບໍ່ມີ
1586,ມມ
1587,ຸ້ມ
1588,ສີເຫຼືອງ
1589,ຊິກິນແຊບ
1590,ຕ້ອງການ
1591,ວຸ້ນ
1592,ເບົາຫວານ
1593,ແລ້ງ
1594,ຫັວງ
1595,ເພີ່ນ
1596,ໝາກພ້າວ
1597,ສານ
1598,ຫອບ
1599,ັັ້ມ
1600,ຈາກ
1601,ຜູ້
1602,ລະວາງ
1603,ສົ່ງມາຮອດ
1604,ຄຣີມ
1605,ກຳນົດໄວ້
1606,ຄຸ້ນ
1607,%
1608,ຈີ່
1609,ຫຼອດ
1610,ດູດ
1611,ງງງງງງງງງງງງງ
1612,ຍອດ
1613,ໂກ້
1614,ໂວກາ
1615,ໂດ້
1616,ກັບໂກ້
1617,ລໍ້
1618,ທັງສອງ
1619,ຕາ
1620,ໂກ
1621,ໂອວັນຕິນ
1622,ໄຕ້ຫວັນ
1623,ຕິດຕໍ່ກັນ
1624,ການສັ່ງ
1625,ພູດ
1626,ລໍ
1627,ຈືດຈາງ
1628,ທີ່ເຮັດຕາມ
1629,ນ້ຳປັ່ນ
1630,ຕັດ
1631,ແຂນ
1632,ມາກີນ
1633,ຂຽບໝູ
1634,ຂົ່ມ
1635,ເຈົ້າຂອງ
1636,ໃຈດີ
1637,ດວງເດືອນ
1638,ສະຫວັດ
1639,ບັນຫາ
1640,ໂຫຼດ
1641,ອັບເດດ
1642,ຄວາມໃສ່ໃຈ
1643,ອາກ
1644,ກຊ່
1645,ລໍຖ້ານາທີ
1646,ໂຮງໝໍ
1647,ກ່ອນຈະ
1648,ກວດກາ
1649,ວວວວວວວວວວວວວວວວ
1650,ສຸກິ
1651,ກໍ່ບໍ່ໄດ້
1652,ກັ
1653,ບັນຫາກັບ
1654,ກະເລີຍ
1655,ນ້ຳເຂົ້າປຸ້ນ
1656,ໄຫວ
1657,ງ້
1658,ຫຍ
1659,າກ
1660,ໂຫ
1661,ເຂົ້າຊອຍ
1662,ຊີ້ນໝູ
1663,ຄວາມຈິງ
1664,ຄວາມຮັບຜິດຊອບ
1665,ແປັບ
1666,ຖາມ
1667,ນຳໃຊ້
1668,ແອ
1669,ຄ້າງ
1670,ຈົກ
1671,ເອົາເງິນ
1672,ກະບໍ່ໄດ້
1673,ຫາງ່າຍ
1674,ຄກກກກກູ່ຫຫຫ
1675,ືູູຄຫ
1676,ທັນ
1677,ໄຈ
1678,ນ້ຳຕານ
1679,ຄວາມສະອາດ
1680,ມື້ນີ້ມີ
1681,ເຈີ
1682,ນຸ້ມ
1683,ນື່ງ
1684,ຖຶ
1685,ດ່າວ
1686,ອອກໄປທາງ
1687,ເດີມ
1688,ກະບໍ່ໃຫ້ການສົ່ງ
1689,ສູງ
1690,ໂຄສະນາວ່າ
1691,ເຖິງວ່າ
1692,ກໍຕາມ
1693,ກກ
1694,ແປ
1695,ັປ
1696,ຍ້ອນວ່າ
1697,ລ້ອຍ
1698,ໄລ່ເງິນ
1699,ຂະເຈົ້າ
1700,ກະແຊບອາຫານ
1701,ມັນຝຣັ່ງ
1702,ອາດ
1703,ໃສ້
1704,ອົ່ວ
1705,ຝາປິດ
1706,ກະແຕກ
1707,ໄສ້
1708,ອົວ
1709,ປ່ຽງ
1710,ຂໍ້
1711,ມັກໃຫຍ່
1712,ມັກກິນເສັ້ນ
1713,ກ່
1714,ຊື່ນ
1715,ສິດີກວ່າ
1716,ຫຼ່າ
1717,ພໍດີບໍ່
1718,ປາດ
1719,ຫີນ
1720,ໍ່
1721,ອືດ
1722,ສຳຄັນ
1723,ຄຽງ
1724,ພ
1725,ຈາຍ
1726,ນ້ອຍເທື່ອ
1727,ບໍ່ຊ່າງ
1728,ນິໃສ່
1729,ລົມ
1730,ກະປິວ
1731,ປ່ງນ
1732,ຕັກ
1733,ແນມ
1734,ຢໍ
1735,ວ່ານ້ອຍ
1736,ຖີ່
1737,ຫາກ
1738,ມາກະໄດ້
1739,ກືນ
1740,ຮອນ
1741,ມາກິນແຊບ
1742,ປະຢັດ
1743,ລະດີ
1744,ດີບໍ່
1745,ໂລ້
1746,ແພັກ
1747,ໃຫ້ດີ
1748,ຊີກ
1749,ໝີ່ນ້ຳ
1750,ຄວາມຫອມ
1751,ຊຸ່ມ
1752,ຫຂ
1753,ຈຳກັດ
1754,ພື້ນທີ່
1755,ບໍ່ມີການຂະຫຍາຍ
1756,ອອກໄປນອກ
1757,ເຊັ່ນ
1758,ແຖວ
1759,ດອນ
1760,ກໍ່ຍັງ
1761,ເປີ
1762,ຈຳເປັນ
1763,ກຽດ
1764,ສົມພັນ
1765,ລາຄາກີບ
1766,ຕັ້ວ
1767,ຈ້າ
1768,ໂອ່
1769,ລວຍ
1770,ຄືບໍ່ເຫັນ
1771,ຊອງ
1772,ຂຽວ
1773,ໜອນ
1774,ບໍ່ມີແຈ້ວ
1775,ແຊບລາຄາດີ
1776,ໝູບໍ່ມີ
1777,ດຽວນີ້ແລະ
1778,ນາບໍ່ມີ
1779,ລາຄາຍຳ
1780,ຄຽ
1781,ການແບບ
1782,ຟັກ
1783,ປັ້ນ
1784,ຂ້ວມ
1785,ປະຫຍັດ
1786,ທືນ
1787,ເໝືອນ
1788,ເສດ
1789,ຂໍໂທດ
1790,ຄວາມເປັນ
1791,ແສບລາຍ
1792,ບໍ່ເປັນຕາກີນ
1793,ສາວນານານີ້
1794,ຕຫ້ງ
1795,ໂຕນີ້
1796,ຍ້ອງ
1797,ນານານີ້
1798,ແພນ
1799,ດ່າ
